brand,brand_code,model,model_code,year,fuel,price,currency,source,date
Acura,1,Integra GS 1.8,1,,,,BRL,FIPE API,2026-04-27
Acura,1,Legend 3.2/3.5,2,,,,BRL,FIPE API,2026-04-27
Acura,1,NSX 3.0,3,,,,BRL,FIPE API,2026-04-27
Agrale,2,MARRUÁ 2.8 12V 132cv TDI Diesel,4,,,,BRL,FIPE API,2026-04-27
Agrale,2,MARRUÁ AM 100 2.8  CS TDI Diesel,4564,,,,BRL,FIPE API,2026-04-27
Agrale,2,MARRUÁ AM 100 2.8 CD TDI Diesel,4563,,,,BRL,FIPE API,2026-04-27
Agrale,2,MARRUÁ AM 150 2.8  CS TDI Diesel,4566,,,,BRL,FIPE API,2026-04-27
Agrale,2,MARRUÁ AM 150 2.8 CD TDI Diesel,4565,,,,BRL,FIPE API,2026-04-27
Agrale,2,MARRUÁ AM 200 2.8  CD TDI Diesel,4567,,,,BRL,FIPE API,2026-04-27
Agrale,2,MARRUÁ AM 200 2.8 CS TDI Diesel,4568,,,,BRL,FIPE API,2026-04-27
Agrale,2,MARRUÁ AM 200 Esc. 3.8 TDI Die.Aut. (E6),10883,,,,BRL,FIPE API,2026-04-27
Agrale,2,MARRUÁ AM 200 Escolar 2.8 TDI Diesel,9352,,,,BRL,FIPE API,2026-04-27
Agrale,2,MARRUÁ AM 200 Escolar 3.8 TDI Die. (E6),10884,,,,BRL,FIPE API,2026-04-27
Agrale,2,MARRUÁ AM 200 Microbus 2.8 TDI Diesel,9353,,,,BRL,FIPE API,2026-04-27
Agrale,2,MARRUÁ AM 250 3.8 CD TDI Die. Aut. (E6),10864,,,,BRL,FIPE API,2026-04-27
Agrale,2,MARRUÁ AM 250 3.8 CD TDI Diesel (E6),10569,,,,BRL,FIPE API,2026-04-27
Agrale,2,MARRUÁ AM 250 3.8 CS TDI Die. Aut. (E6),10865,,,,BRL,FIPE API,2026-04-27
Agrale,2,MARRUÁ AM 250 3.8 CS TDI Diesel (E6),10866,,,,BRL,FIPE API,2026-04-27
Agrale,2,MARRUÁ AM 50 2.8 140cv TDI Diesel,4569,,,,BRL,FIPE API,2026-04-27
Alfa Romeo,3,145 Elegant 1.7/1.8 16V,5,,,,BRL,FIPE API,2026-04-27
Alfa Romeo,3,145 Elegant 2.0 16V,6,,,,BRL,FIPE API,2026-04-27
Alfa Romeo,3,145 Quadrifoglio 2.0,7,,,,BRL,FIPE API,2026-04-27
Alfa Romeo,3,145 QV,8,,,,BRL,FIPE API,2026-04-27
Alfa Romeo,3,147 2.0 16V 148cv 4p Semi-Aut.,9,,,,BRL,FIPE API,2026-04-27
Alfa Romeo,3,155,10,,,,BRL,FIPE API,2026-04-27
Alfa Romeo,3,155 Super,11,,,,BRL,FIPE API,2026-04-27
Alfa Romeo,3,156 2.5 V6 24V 190cv 4p Aut.,12,,,,BRL,FIPE API,2026-04-27
Alfa Romeo,3,156 Sport Wagon 2.0 16V,13,,,,BRL,FIPE API,2026-04-27
Alfa Romeo,3,156 Sport Wagon 2.5 V6 24V 4p Aut.,14,,,,BRL,FIPE API,2026-04-27
Alfa Romeo,3,156 TS/Sport/Elegant 2.0 16V,15,,,,BRL,FIPE API,2026-04-27
Alfa Romeo,3,164 3.0 V6,16,,,,BRL,FIPE API,2026-04-27
Alfa Romeo,3,164 Super V6 24V,17,,,,BRL,FIPE API,2026-04-27
Alfa Romeo,3,166 3.0 V6 24V,18,,,,BRL,FIPE API,2026-04-27
Alfa Romeo,3,2300 TI/TI-4,19,,,,BRL,FIPE API,2026-04-27
Alfa Romeo,3,Spider 2.0/3.0,20,,,,BRL,FIPE API,2026-04-27
AM Gen,4,Hummer Hard-Top 6.5 4x4 Diesel TB,21,,,,BRL,FIPE API,2026-04-27
AM Gen,4,Hummer Open-Top 6.5 4x4 Diesel TB,22,,,,BRL,FIPE API,2026-04-27
AM Gen,4,Hummer Wagon 6.5 4x4 Diesel TB,23,,,,BRL,FIPE API,2026-04-27
Asia Motors,5,AM-825 Luxo 4.0 Diesel,24,,,,BRL,FIPE API,2026-04-27
Asia Motors,5,AM-825 Super Luxo 4.0 Diesel,25,,,,BRL,FIPE API,2026-04-27
Asia Motors,5,Hi-Topic SLX/SDX/DLX Full Diesel,26,,,,BRL,FIPE API,2026-04-27
Asia Motors,5,Hi-Topic STD Diesel,27,,,,BRL,FIPE API,2026-04-27
Asia Motors,5,Hi-Topic Van 2.7 Diesel (furgão),28,,,,BRL,FIPE API,2026-04-27
Asia Motors,5,Jipe Rocsta GT 4x4 2.2 Diesel,29,,,,BRL,FIPE API,2026-04-27
Asia Motors,5,Topic Carga 2.7 Diesel (furgão),30,,,,BRL,FIPE API,2026-04-27
Asia Motors,5,Topic Luxo Diesel,31,,,,BRL,FIPE API,2026-04-27
Asia Motors,5,Topic Super Luxo Diesel,32,,,,BRL,FIPE API,2026-04-27
Asia Motors,5,Towner Coach Full,33,,,,BRL,FIPE API,2026-04-27
Asia Motors,5,Towner Furgão,34,,,,BRL,FIPE API,2026-04-27
Asia Motors,5,Towner Glass Van,35,,,,BRL,FIPE API,2026-04-27
Asia Motors,5,Towner Luxo,36,,,,BRL,FIPE API,2026-04-27
Asia Motors,5,Towner Multiuso 5p,37,,,,BRL,FIPE API,2026-04-27
Asia Motors,5,Towner Panel Van,38,,,,BRL,FIPE API,2026-04-27
Asia Motors,5,Towner Pick-Up,39,,,,BRL,FIPE API,2026-04-27
Asia Motors,5,Towner SDX / DLX/ STD,40,,,,BRL,FIPE API,2026-04-27
Asia Motors,5,Towner Super Luxo,41,,,,BRL,FIPE API,2026-04-27
Asia Motors,5,Towner Truck,42,,,,BRL,FIPE API,2026-04-27
ASTON MARTIN,189,DB12 Coupe 4.0 V8 680cv,11338,,,,BRL,FIPE API,2026-04-27
ASTON MARTIN,189,DB12 Volante 4.0 V8 680cv,11339,,,,BRL,FIPE API,2026-04-27
ASTON MARTIN,189,DB9 Coupe 6.0 V12 510cv,6906,,,,BRL,FIPE API,2026-04-27
ASTON MARTIN,189,DB9 Volante 6.0 V12 470cv,6340,,,,BRL,FIPE API,2026-04-27
ASTON MARTIN,189,DBS Coupe 5.2 V12 725cv,10560,,,,BRL,FIPE API,2026-04-27
ASTON MARTIN,189,DBX 4.0 V8 550cv,10561,,,,BRL,FIPE API,2026-04-27
ASTON MARTIN,189,DBX707 4.0 V8 707cv,10562,,,,BRL,FIPE API,2026-04-27
ASTON MARTIN,189,Rapide 6.0 V12 477cv,6341,,,,BRL,FIPE API,2026-04-27
ASTON MARTIN,189,Rapide S 6.0 V12 550cv,6907,,,,BRL,FIPE API,2026-04-27
ASTON MARTIN,189,Vanquish V12 5.2 835cv,11853,,,,BRL,FIPE API,2026-04-27
ASTON MARTIN,189,Vanquish V12 6.0 565cv,6909,,,,BRL,FIPE API,2026-04-27
ASTON MARTIN,189,Vantage 6.0 V12 510cv,6342,,,,BRL,FIPE API,2026-04-27
ASTON MARTIN,189,Vantage Coupe 4.7 V8 425cv,6343,,,,BRL,FIPE API,2026-04-27
ASTON MARTIN,189,Vantage Cupê  4.0 V8 510cv,10144,,,,BRL,FIPE API,2026-04-27
ASTON MARTIN,189,Vantage Cupê F1 Edition 4.0 V8 535cv,10183,,,,BRL,FIPE API,2026-04-27
ASTON MARTIN,189,Vantage Roadster 4.7 V8 420cv,6344,,,,BRL,FIPE API,2026-04-27
ASTON MARTIN,189,Vantage Roadster F1 Edition 4.0 V8 535cv,10642,,,,BRL,FIPE API,2026-04-27
ASTON MARTIN,189,Vantage S 6.0 V12 565cv,6908,,,,BRL,FIPE API,2026-04-27
ASTON MARTIN,189,Vantage S Coupe 4.0 V8 680cv ,11854,,,,BRL,FIPE API,2026-04-27
ASTON MARTIN,189,Vantage S Coupe 4.7 V8 430cv,6345,,,,BRL,FIPE API,2026-04-27
Audi,6,100 2.8 V6,43,,,,BRL,FIPE API,2026-04-27
Audi,6,100 2.8 V6 Avant,44,,,,BRL,FIPE API,2026-04-27
Audi,6,100 S-4 2.2 Avant Turbo,45,,,,BRL,FIPE API,2026-04-27
Audi,6,80 2.0,46,,,,BRL,FIPE API,2026-04-27
Audi,6,80 2.0 Avant,47,,,,BRL,FIPE API,2026-04-27
Audi,6,80 2.6/ 2.8,48,,,,BRL,FIPE API,2026-04-27
Audi,6,80 2.6/2.8 Avant,49,,,,BRL,FIPE API,2026-04-27
Audi,6,80 2.8 Cabriolet,50,,,,BRL,FIPE API,2026-04-27
Audi,6,80 S2 Avant,51,,,,BRL,FIPE API,2026-04-27
Audi,6,A1 1.4 TFSI 122cv S-tronic 3p,5496,,,,BRL,FIPE API,2026-04-27
Audi,6,A1 2.0 TFSI Quattro 256cv 3p,6293,,,,BRL,FIPE API,2026-04-27
Audi,6,A1 Sport 1.4 TFSI 185cv 3p S-tronic,6143,,,,BRL,FIPE API,2026-04-27
Audi,6,A1 Sport. S Edition 1.4 TFSI 5p S-tronic,7727,,,,BRL,FIPE API,2026-04-27
Audi,6,A1 Sportback 1.4 TFSI 185cv 5p S-tronic,6201,,,,BRL,FIPE API,2026-04-27
Audi,6,A1 Sportback 1.4 TFSI 5p S-tronic,6200,,,,BRL,FIPE API,2026-04-27
Audi,6,A1 Sportback 1.8 TFSI 192cv 5p S-tronic,7418,,,,BRL,FIPE API,2026-04-27
Audi,6,A3 1.6 3p,52,,,,BRL,FIPE API,2026-04-27
Audi,6,A3 1.6 3p Aut.,53,,,,BRL,FIPE API,2026-04-27
Audi,6,A3 1.6 5p,54,,,,BRL,FIPE API,2026-04-27
Audi,6,A3 1.6 5p Aut.,55,,,,BRL,FIPE API,2026-04-27
Baby,207,Buggy 1.6 2-Lug.,8274,,,,BRL,FIPE API,2026-04-27
Baby,207,Buggy 1.6/ TST/ RS 1.6 4-Lug.,8275,,,,BRL,FIPE API,2026-04-27
Baby,207,Buggy RS Evolution 1.8 8V,8276,,,,BRL,FIPE API,2026-04-27
BMW,7,116iA 1.6 TB 16V 136cv 5p,6146,,,,BRL,FIPE API,2026-04-27
BMW,7,118i M Sport 1.5 TB 12V Aut. 5p,9955,,,,BRL,FIPE API,2026-04-27
BMW,7,118i Sport 1.5 TB 12V Aut. 5p,8946,,,,BRL,FIPE API,2026-04-27
BMW,7,118iA 2.0 16V 136cv 3p,5576,,,,BRL,FIPE API,2026-04-27
BMW,7,118iA 2.0 16V 136cv 5p,4960,,,,BRL,FIPE API,2026-04-27
BMW,7,118iA Full 1.6 TB 16V 170cv 5p,6147,,,,BRL,FIPE API,2026-04-27
BMW,7,118iA/ Urban/Sport 1.6 TB 16V 170cv 5p,5923,,,,BRL,FIPE API,2026-04-27
BMW,7,120i 2.0 16V 150cv/ 156cv 5p,152,,,,BRL,FIPE API,2026-04-27
BMW,7,120iA 2.0 16V 150cv/ 156cv 5p,153,,,,BRL,FIPE API,2026-04-27
BMW,7,120iA 2.0 16V 156cv 3p,4700,,,,BRL,FIPE API,2026-04-27
BMW,7,120iA Cabrio 2.0 16V 156cv 2p,4683,,,,BRL,FIPE API,2026-04-27
BMW,7,120iA Sport 2.0/ActiveFlex 16V Aut.,7178,,,,BRL,FIPE API,2026-04-27
BMW,7,125i M Sport/Active Flex 2.0 TB Aut. 5p,6377,,,,BRL,FIPE API,2026-04-27
BMW,7,130i 3.0 24V 265cv 5p,3879,,,,BRL,FIPE API,2026-04-27
BMW,7,130iA 3.0 24V 265cv 3p,4473,,,,BRL,FIPE API,2026-04-27
BMW,7,130iA 3.0 24V 265cv 5p,4199,,,,BRL,FIPE API,2026-04-27
BMW,7,135iA Coupé 3.0 24V 306cv,4961,,,,BRL,FIPE API,2026-04-27
BMW,7,218i Gran Coupe M Sport 1.5 Bi-Turbo,11119,,,,BRL,FIPE API,2026-04-27
BMW,7,218i Gran Coupe Sport GP 1.5 Bi-Turbo,9036,,,,BRL,FIPE API,2026-04-27
BMW,7,220i Gran Coupe M Sport 2.0 TB Aut.,11529,,,,BRL,FIPE API,2026-04-27
BRM,8,Buggy W. Turing/Luxo/M-11 Absolut 1.6 8V,255,,,,BRL,FIPE API,2026-04-27
BRM,8,Buggy/M-8/M-8 Long 1.6,254,,,,BRL,FIPE API,2026-04-27
