brand,model,year,fuel,price,currency,reference_month,fipe_code,source,date
Acura,Integra GS 1.8,1992,Gasolina,"R$ 10.853,00",BRL,abril de 2026,038003-2,FIPE API,2026-04-27
Acura,Integra GS 1.8,1991,Gasolina,"R$ 10.139,00",BRL,abril de 2026,038003-2,FIPE API,2026-04-27
Acura,Legend 3.2/3.5,1998,Gasolina,"R$ 24.849,00",BRL,abril de 2026,038002-4,FIPE API,2026-04-27
Acura,Legend 3.2/3.5,1997,Gasolina,"R$ 22.093,00",BRL,abril de 2026,038002-4,FIPE API,2026-04-27
Acura,Legend 3.2/3.5,1996,Gasolina,"R$ 20.775,00",BRL,abril de 2026,038002-4,FIPE API,2026-04-27
Acura,NSX 3.0,1995,Gasolina,"R$ 40.112,00",BRL,abril de 2026,038001-6,FIPE API,2026-04-27
Acura,NSX 3.0,1994,Gasolina,"R$ 38.700,00",BRL,abril de 2026,038001-6,FIPE API,2026-04-27
Acura,NSX 3.0,1993,Gasolina,"R$ 37.413,00",BRL,abril de 2026,038001-6,FIPE API,2026-04-27
Agrale,MARRUÁ 2.8 12V 132cv TDI Diesel,2007,Diesel,"R$ 50.512,00",BRL,abril de 2026,060001-6,FIPE API,2026-04-27
Agrale,MARRUÁ 2.8 12V 132cv TDI Diesel,2006,Diesel,"R$ 49.280,00",BRL,abril de 2026,060001-6,FIPE API,2026-04-27
Agrale,MARRUÁ 2.8 12V 132cv TDI Diesel,2005,Diesel,"R$ 48.078,00",BRL,abril de 2026,060001-6,FIPE API,2026-04-27
Agrale,MARRUÁ AM 100 2.8  CS TDI Diesel,2015,Diesel,"R$ 106.214,00",BRL,abril de 2026,060003-2,FIPE API,2026-04-27
Agrale,MARRUÁ AM 100 2.8  CS TDI Diesel,2014,Diesel,"R$ 101.248,00",BRL,abril de 2026,060003-2,FIPE API,2026-04-27
Agrale,MARRUÁ AM 100 2.8  CS TDI Diesel,2013,Diesel,"R$ 98.778,00",BRL,abril de 2026,060003-2,FIPE API,2026-04-27
Agrale,MARRUÁ AM 100 2.8 CD TDI Diesel,2015,Diesel,"R$ 115.865,00",BRL,abril de 2026,060004-0,FIPE API,2026-04-27
Agrale,MARRUÁ AM 100 2.8 CD TDI Diesel,2014,Diesel,"R$ 106.969,00",BRL,abril de 2026,060004-0,FIPE API,2026-04-27
Agrale,MARRUÁ AM 100 2.8 CD TDI Diesel,2013,Diesel,"R$ 103.566,00",BRL,abril de 2026,060004-0,FIPE API,2026-04-27
Agrale,MARRUÁ AM 150 2.8  CS TDI Diesel,2015,Diesel,"R$ 107.626,00",BRL,abril de 2026,060005-9,FIPE API,2026-04-27
Agrale,MARRUÁ AM 150 2.8  CS TDI Diesel,2014,Diesel,"R$ 100.723,00",BRL,abril de 2026,060005-9,FIPE API,2026-04-27
Agrale,MARRUÁ AM 150 2.8  CS TDI Diesel,2013,Diesel,"R$ 93.731,00",BRL,abril de 2026,060005-9,FIPE API,2026-04-27
Agrale,MARRUÁ AM 150 2.8 CD TDI Diesel,2015,Diesel,"R$ 120.882,00",BRL,abril de 2026,060006-7,FIPE API,2026-04-27
Agrale,MARRUÁ AM 150 2.8 CD TDI Diesel,2014,Diesel,"R$ 114.387,00",BRL,abril de 2026,060006-7,FIPE API,2026-04-27
Agrale,MARRUÁ AM 150 2.8 CD TDI Diesel,2013,Diesel,"R$ 107.775,00",BRL,abril de 2026,060006-7,FIPE API,2026-04-27
Alfa Romeo,145 Elegant 1.7/1.8 16V,1999,Gasolina,"R$ 27.752,00",BRL,abril de 2026,006009-7,FIPE API,2026-04-27
Alfa Romeo,145 Elegant 1.7/1.8 16V,1998,Gasolina,"R$ 20.587,00",BRL,abril de 2026,006009-7,FIPE API,2026-04-27
Alfa Romeo,145 Elegant 1.7/1.8 16V,1997,Gasolina,"R$ 14.264,00",BRL,abril de 2026,006009-7,FIPE API,2026-04-27
Alfa Romeo,145 Elegant 2.0 16V,1998,Gasolina,"R$ 20.609,00",BRL,abril de 2026,006001-1,FIPE API,2026-04-27
Alfa Romeo,145 Elegant 2.0 16V,1997,Gasolina,"R$ 18.607,00",BRL,abril de 2026,006001-1,FIPE API,2026-04-27
Alfa Romeo,145 Elegant 2.0 16V,1996,Gasolina,"R$ 17.494,00",BRL,abril de 2026,006001-1,FIPE API,2026-04-27
Alfa Romeo,145 Quadrifoglio 2.0,1999,Gasolina,"R$ 30.468,00",BRL,abril de 2026,006002-0,FIPE API,2026-04-27
Alfa Romeo,145 Quadrifoglio 2.0,1998,Gasolina,"R$ 29.724,00",BRL,abril de 2026,006002-0,FIPE API,2026-04-27
Alfa Romeo,145 Quadrifoglio 2.0,1997,Gasolina,"R$ 24.430,00",BRL,abril de 2026,006002-0,FIPE API,2026-04-27
Alfa Romeo,145 QV,1998,Gasolina,"R$ 22.752,00",BRL,abril de 2026,006008-9,FIPE API,2026-04-27
Alfa Romeo,145 QV,1997,Gasolina,"R$ 18.940,00",BRL,abril de 2026,006008-9,FIPE API,2026-04-27
Alfa Romeo,145 QV,1996,Gasolina,"R$ 17.476,00",BRL,abril de 2026,006008-9,FIPE API,2026-04-27
Alfa Romeo,147 2.0 16V 148cv 4p Semi-Aut.,2005,Gasolina,"R$ 98.430,00",BRL,abril de 2026,006017-8,FIPE API,2026-04-27
Alfa Romeo,147 2.0 16V 148cv 4p Semi-Aut.,2004,Gasolina,"R$ 96.029,00",BRL,abril de 2026,006017-8,FIPE API,2026-04-27
Alfa Romeo,147 2.0 16V 148cv 4p Semi-Aut.,2003,Gasolina,"R$ 93.686,00",BRL,abril de 2026,006017-8,FIPE API,2026-04-27
AM Gen,Hummer Hard-Top 6.5 4x4 Diesel TB,2000,Diesel,"R$ 417.721,00",BRL,abril de 2026,037001-0,FIPE API,2026-04-27
AM Gen,Hummer Hard-Top 6.5 4x4 Diesel TB,1999,Diesel,"R$ 376.135,00",BRL,abril de 2026,037001-0,FIPE API,2026-04-27
AM Gen,Hummer Hard-Top 6.5 4x4 Diesel TB,1998,Diesel,"R$ 325.700,00",BRL,abril de 2026,037001-0,FIPE API,2026-04-27
AM Gen,Hummer Open-Top 6.5 4x4 Diesel TB,2000,Diesel,"R$ 388.158,00",BRL,abril de 2026,037002-9,FIPE API,2026-04-27
AM Gen,Hummer Open-Top 6.5 4x4 Diesel TB,1999,Diesel,"R$ 344.076,00",BRL,abril de 2026,037002-9,FIPE API,2026-04-27
AM Gen,Hummer Open-Top 6.5 4x4 Diesel TB,1998,Diesel,"R$ 291.840,00",BRL,abril de 2026,037002-9,FIPE API,2026-04-27
AM Gen,Hummer Wagon 6.5 4x4 Diesel TB,2000,Diesel,"R$ 443.594,00",BRL,abril de 2026,037003-7,FIPE API,2026-04-27
AM Gen,Hummer Wagon 6.5 4x4 Diesel TB,1999,Diesel,"R$ 393.078,00",BRL,abril de 2026,037003-7,FIPE API,2026-04-27
AM Gen,Hummer Wagon 6.5 4x4 Diesel TB,1998,Diesel,"R$ 340.790,00",BRL,abril de 2026,037003-7,FIPE API,2026-04-27
Asia Motors,AM-825 Luxo 4.0 Diesel,1998,Diesel,"R$ 24.849,00",BRL,abril de 2026,007018-1,FIPE API,2026-04-27
Asia Motors,AM-825 Luxo 4.0 Diesel,1997,Diesel,"R$ 21.519,00",BRL,abril de 2026,007018-1,FIPE API,2026-04-27
Asia Motors,AM-825 Luxo 4.0 Diesel,1996,Diesel,"R$ 18.392,00",BRL,abril de 2026,007018-1,FIPE API,2026-04-27
Asia Motors,AM-825 Super Luxo 4.0 Diesel,1998,Diesel,"R$ 26.835,00",BRL,abril de 2026,007019-0,FIPE API,2026-04-27
Asia Motors,AM-825 Super Luxo 4.0 Diesel,1997,Diesel,"R$ 25.053,00",BRL,abril de 2026,007019-0,FIPE API,2026-04-27
Asia Motors,AM-825 Super Luxo 4.0 Diesel,1996,Diesel,"R$ 21.027,00",BRL,abril de 2026,007019-0,FIPE API,2026-04-27
Asia Motors,Hi-Topic SLX/SDX/DLX Full Diesel,1998,Diesel,"R$ 15.750,00",BRL,abril de 2026,007001-7,FIPE API,2026-04-27
Asia Motors,Hi-Topic SLX/SDX/DLX Full Diesel,1997,Diesel,"R$ 14.533,00",BRL,abril de 2026,007001-7,FIPE API,2026-04-27
Asia Motors,Hi-Topic SLX/SDX/DLX Full Diesel,1996,Diesel,"R$ 12.928,00",BRL,abril de 2026,007001-7,FIPE API,2026-04-27
Asia Motors,Hi-Topic STD Diesel,1998,Diesel,"R$ 14.291,00",BRL,abril de 2026,007002-5,FIPE API,2026-04-27
Asia Motors,Hi-Topic STD Diesel,1997,Diesel,"R$ 13.128,00",BRL,abril de 2026,007002-5,FIPE API,2026-04-27
Asia Motors,Hi-Topic STD Diesel,1996,Diesel,"R$ 11.824,00",BRL,abril de 2026,007002-5,FIPE API,2026-04-27
Asia Motors,Hi-Topic Van 2.7 Diesel (furgão),1997,Diesel,"R$ 11.599,00",BRL,abril de 2026,007017-3,FIPE API,2026-04-27
Asia Motors,Hi-Topic Van 2.7 Diesel (furgão),1996,Diesel,"R$ 10.991,00",BRL,abril de 2026,007017-3,FIPE API,2026-04-27
Asia Motors,Hi-Topic Van 2.7 Diesel (furgão),1995,Diesel,"R$ 9.697,00",BRL,abril de 2026,007017-3,FIPE API,2026-04-27
